{
   "pieseries":{
      "values":[{
         "color": "#339966",
         "id": 737,
         "name": "Slice 1",
         "value": 500
      }, {
         "color": "#FFCC33",
         "id": 3737,
         "name": "Slice 2",
         "value": 200
      }, {
         "color": "#33CCFF",
         "id": 3773,
         "name": "Slice 3",
         "value": 600
      }, {
         "color": "#8866CC",
         "id": 37037,
         "name": "Slice 4",
         "value": 800
      }, {
         "color": "#F47F72",
         "id": 7737,
         "name": "Slice 5",
         "value": 300
      }, {
         "color": "#B4D56C",
         "id": 37,
         "name": "Slice 6",
         "value": 100
      }]
   }
}